Prioridad,Ciudad
Alta,Clifton
Alta,Wayne
Alta,Fair Lawn
Alta,Paramus
Alta,Hackensack
Alta,Teaneck
Alta,Montclair
Alta,Bloomfield
Alta,West Orange
Alta,Livingston
Alta,Parsippany
Media,Totowa
Media,Little Falls
Media,Elmwood Park
Media,Garfield
Media,Lodi
Media,Saddle Brook
Media,Nutley
Media,South Orange
Media,Orange / East Orange
Media,Denville / Montville
Media,Boonton / Mountain Lakes
Media,Florham Park
Baja,West Paterson / Woodland Park
Baja,North Haledon / Haledon / Prospect Park
Baja,Ringwood / Wanaque / Pompton Lakes / Bloomingdale
Baja,Englewood / Fort Lee / Bergenfield / New Milford / Rochelle Park
Baja,Glen Ridge / Verona / Cedar Grove / Belleville
Baja,Morristown / East Hanover
Baja,West Caldwell / North Caldwell / Roseland / Caldwell
Baja,Kearny
Baja,Lyndhurst
Baja,Rutherford
Baja,Secaucus
Baja,Union City
SEO Near Me,Hoboken
SEO Near Me,Jersey City
SEO Near Me,Newark
