URL,Title,Meta Description
https://macpavingandsealcoating.com,Asphalt & Paving Company Serving Northern New Jersey | MAC Paving,"Top-rated paving and sealcoating contractor serving North Jersey with reliable asphalt, pavers, and concrete services. Get a free estimate today."
https://macpavingandsealcoating.com/services,"Local Paving Services in Clifton, Montclair, Hackensack & More | MAC Paving",Browse all our residential and commercial services from asphalt and concrete to landscaping and pavers. Get a free estimate today.
https://macpavingandsealcoating.com/services/asphalt-paving,Asphalt Paving Services in Bergen & Passaic County | MAC Paving,"Complete asphalt paving solutions for driveways, roads, and lots. Durable results with professional finish. Get a free estimate today."
https://macpavingandsealcoating.com/services/asphalt-paving/installation,Asphalt Driveway Installation in North Jersey | Free Estimates,Professional asphalt driveway installation for long-lasting performance and clean curb appeal in homes and businesses. Get a free estimate today.
https://macpavingandsealcoating.com/services/asphalt-paving/resurfacing,Asphalt Resurfacing Services in NJ | Restore Your Driveway Today,"Restore old asphalt with expert resurfacing that improves safety, looks, and durability. Great for driveways and parking lots. Get a free estimate today."
https://macpavingandsealcoating.com/services/asphalt-paving/replacement,Driveway Replacement Contractors in NJ | Asphalt Experts Near You,Full asphalt replacement service using premium materials to rebuild damaged driveways and roads in New Jersey. Get a free estimate today.
https://macpavingandsealcoating.com/services/asphalt-paving/extension,Driveway Extensions in North Jersey | Expand Your Parking Area,Expand your paved areas with seamless asphalt extensions for more space and better access. Get a free estimate today.
https://macpavingandsealcoating.com/services/sealer,Asphalt Sealer Services in NJ | Protection for Your Pavement,Asphalt sealing and protection services that extend pavement life and preserve visual quality. Get a free estimate today.
https://macpavingandsealcoating.com/services/sealer/sealcoating,Sealcoating Company in NJ | Extend the Life of Your Asphalt,"High-quality asphalt sealcoating to protect your pavement from water, sun, and traffic damage. Get a free estimate today."
https://macpavingandsealcoating.com/services/sealer/crack-filling,Crack Filling Services in NJ | Repair Asphalt in Clifton & Nearby,Prevent costly repairs with professional crack filling that stops water and structural damage early. Get a free estimate today.
https://macpavingandsealcoating.com/services/sealer/line-striping,Parking Lot Line Striping in NJ | ADA Compliance & Clean Markings,"Clear, durable parking lot striping for safety, compliance, and clean visual organization. Get a free estimate today."
https://macpavingandsealcoating.com/services/pavers,"Paver Installations in NJ | Driveways, Patios & More",Design and build beautiful paver surfaces to elevate your home’s exterior and function. Get a free estimate today.
https://macpavingandsealcoating.com/services/pavers/installation,"Paver Installation Contractors in NJ | Montclair, Wayne, Lodi","Paver installation for patios, walkways, and driveways. Upgrade outdoor living with elegant hardscaping. Get a free estimate today."
https://macpavingandsealcoating.com/services/pavers/maintenance,Paver Maintenance & Cleaning Services in NJ | Bergen County Area,"Protect your investment with expert paver maintenance, sealing, and repairs to keep everything looking new. Get a free estimate today."
https://macpavingandsealcoating.com/services/pavers/belgium-blocks,Belgium Block Installation in NJ | Decorative Stone Borders,Add a classic touch to your landscape with premium Belgium block installations for edging and accents. Get a free estimate today.
https://macpavingandsealcoating.com/services/concrete,"Concrete Services in North Jersey | Driveways, Walkways & More","Reliable concrete services including pouring, repair, and decorative finishes for any exterior area. Get a free estimate today."
https://macpavingandsealcoating.com/services/concrete/walkways,Concrete Walkways in NJ | Installed by Local Experts,"Safe, attractive concrete walkway installation for residential and commercial properties. Get a free estimate today."
https://macpavingandsealcoating.com/services/concrete/sidewalks,"Sidewalk Installation & Repair in NJ | Clifton, Teaneck, Bloomfield","Concrete sidewalks built to code for safety, accessibility, and long-term durability. Get a free estimate today."
https://macpavingandsealcoating.com/services/concrete/curbs,Concrete Curbs in NJ | New Installations & Repairs,"Durable curbs that protect landscaping, define parking areas, and improve property layout. Get a free estimate today."
https://macpavingandsealcoating.com/services/concrete/aprons,Driveway Aprons in Northern NJ | Smooth & Durable Transitions,Seamless driveway apron installation to connect driveways and streets smoothly and attractively. Get a free estimate today.
https://macpavingandsealcoating.com/services/landscaping,Landscaping Services in NJ | Design & Hardscaping Experts,"Full landscaping services to enhance your yard’s beauty, function, and property value. Get a free estimate today."
https://macpavingandsealcoating.com/services/landscaping/sod-installation,Sod Installation in NJ | Fresh Green Lawns in Days,"Fast, professional sod installation for healthy, green lawns with instant curb appeal. Get a free estimate today."
https://macpavingandsealcoating.com/services/landscaping/top-soil,Topsoil Delivery & Lawn Grading in NJ | Ready for Planting,"Enrich your garden or landscape project with nutrient-rich topsoil, delivered and spread on site. Get a free estimate today."
https://macpavingandsealcoating.com/services/landscaping/drainage,Drainage Systems in NJ | Protect Your Property from Water Damage,Drainage solutions that protect your home from water damage and flooding with custom planning. Get a free estimate today.
https://macpavingandsealcoating.com/services/landscaping/power-wash,"Power Washing in NJ | Clean Driveways, Pavers & Sidewalks","Restore exterior surfaces with deep-clean power washing that removes dirt, stains, and buildup. Get a free estimate today."
https://macpavingandsealcoating.com/services/landscaping/hauling,"Hauling Services in NJ | Asphalt, Debris & Junk Removal","Debris and material hauling for landscaping, paving, or construction cleanups. Fast, reliable service. Get a free estimate today."
https://macpavingandsealcoating.com/contact,Contact MAC Paving in NJ | Request a Free Estimate Today,Have questions or need a quote? Reach out to MAC Paving and Sealcoating for expert help and fast service. Get a free estimate today.
